<?xml version="1.0"?>
<!DOCTYPE modification SYSTEM "http://www.simplemachines.org/xml/modification">
<!-- - - - - - - - - - - - - - - - - - - - - - - - - - - - - - - - - - - - - - -

	ATTENTION: If you are trying to install this manually, you should try
	the package manager.  If it will not work for you, please take a look
	at the following for information on this format:
		http://mods.simplemachines.org/docs/manual-install.php

================================================================================

	Modification files can be used to modify files so that they do what
	your package needs them to do to work properly.

 - - - - - - - - - - - - - - - - - - - - - - - - - - - - - - - - - - - - - - -->

<modification xmlns="http://www.simplemachines.org/xml/modification" xmlns:smf="http://www.simplemachines.org/">
	<!-- This information needs to be the same as that in the package-info.xml. -->
	<id>Kays:DeleteSpamPosts</id>
	<version>1.3</version>

	<file name="$boarddir/index.php">	
		<operation>
			<search position="before"><![CDATA[
		'deletemsg' => array('RemoveTopic.php', 'DeleteMessage'),]]></search>
			<add><![CDATA[
		'deletespampost' => array('Post.php', 'DeleteSpamPost'),]]></add>
		</operation>
	</file>

	<file name="$sourcedir/Modlog.php">
		<operation>
			<search position="before"><![CDATA[
		'pruned' => $txt['modlog_ac_pruned'],]]></search>
			<add><![CDATA[
		'deletespam' => $txt['modlog_ac_deletespam'],]]></add>
		</operation>
	</file>

	<file name="$sourcedir/ManagePosts.php">	
		<operation>
			<search position="before"><![CDATA[
			'edit_disable_time' => empty($_POST['edit_disable_time']) ? '0' : (int) $_POST['edit_disable_time'],]]></search>
			<add><![CDATA[
			'deletespampost_enable' => empty($_POST['deletespampost_enable']) ? '0' : '1',
			'deletespampost_message' => empty($_POST['deletespampost_message']) ? addslashes($txt['deletespampost_message']) : $_POST['deletespampost_message'],
			'deletespampost_dock_karma' => empty($_POST['deletespampost_dock_karma']) ? '0' : '1',
			'deletespampost_to_recycle' => empty($_POST['deletespampost_to_recycle']) ? '0' : '1',]]></add>
		</operation>
	</file>

	<file name="$sourcedir/Post.php">
		<operation>
			<search position="after"><![CDATA[
				m.ID_MEMBER, m.posterName, m.posterEmail, m.posterTime, 
]]></search>
			<add><![CDATA[
				m.subject, m.body,]]></add>
		</operation>
		<operation>
			<search position="replace"><![CDATA[
		logAction('modify', array('topic' => $topic, 'message' => (int) $_REQUEST['msg'], 'member' => $row['ID_MEMBER']));
]]></search>
			<add><![CDATA[
		logAction('modify', array('topic' => $topic, 'message' => (int) $_REQUEST['msg'], 'member' => $row['ID_MEMBER'], 'subject' => $row['subject'], 'messagebody' => $row['body'] == stripslashes($_POST['message']) ? $txt['deletespampost_no_change'] : $row['body']));
]]></add>
		</operation>
		<operation>
			<search position="after"><![CDATA[
				t.locked, t.numReplies, t.ID_MEMBER_STARTED, t.ID_FIRST_MSG,
]]></search>
			<add><![CDATA[
				m.subject,]]></add>
		</operation>
		<operation>
			<search position="replace"><![CDATA[
			logAction('modify', array('topic' => $topic, 'message' => $row['ID_MSG'], 'member' => $row['ID_MEMBER_STARTED']));
]]></search>
			<add><![CDATA[
			logAction('modify', array('topic' => $topic, 'message' => $row['ID_MSG'], 'member' => $row['ID_MEMBER_STARTED'], 'subject' => $row['subject'], 'messagebody' => $row['body']));
]]></add>
		</operation>
		<operation>
			<search position="after"><![CDATA[?>]]></search>
			<add><![CDATA[
function DeleteSpamPost()
{
	global $txt, $db_prefix, $context, $user_info, $topic, $board_info, $modSettings, $sourcedir;

	$_REQUEST['msg'] = (int) $_REQUEST['msg'];

	if (!allowedTo('moderate_board') || empty($modSettings['deletespampost_enable']) || empty($_REQUEST['msg']))
			fatal_lang_error('deletespampost_error1', false);

	$request = db_query("
		SELECT
			subject, body, ID_MEMBER, posterName, posterEmail, posterIP, icon
		FROM {$db_prefix}messages
		WHERE ID_MSG = $_REQUEST[msg]
		LIMIT 1", __FILE__, __LINE__);
	$row = mysql_fetch_assoc($request);
	mysql_free_result($request);

	$message = str_replace(array($txt['deletespampost_spamcop'], $txt['deletespampost_spammer']), array($user_info['name'], $row['posterName']), $modSettings['deletespampost_message']);
	if ($row['body'] == $message)
		fatal_lang_error('deletespampost_error2', false);
			
	include_once($sourcedir . '/Subs-Post.php');
	
	$msgOptions = array(
		'id' => (int) $_REQUEST['msg'],
		'body' => addslashes($message),
		'modify_time' => time(),
		'modify_name' => addslashes($user_info['name']),
	);
	$topicOptions = array();
	$posterOptions = array();

	// Update the message.
	modifyPost($msgOptions, $topicOptions, $posterOptions);
	
	// Is a copy of the original post going to the recycle board also ???	
	if(!empty($modSettings['deletespampost_to_recycle']) && !empty($modSettings['recycle_board']))
	{	
		$msgOptions = array(
			'id' => 0,
			'subject' => '[' . $txt['modlog_ac_deletespam'] . '] ' . addslashes($row['subject']),
			'body' => addslashes($row['body']),
			'icon' => $row['icon'],
			'smileys_enabled' => true,
		);
		$topicOptions = array(
			'id' => 0,
			'board' => $modSettings['recycle_board'],
			'mark_as_read' => true,
		);
		$posterOptions = array(
			'id' => $row['ID_MEMBER'],
			'name' => addslashes($row['posterName']),
			'email' => $row['posterEmail'],
			'ip' => $row['posterIP'],
			'update_post_count' => false,
		);
	
		// create the new topic for the recycle board.
		createPost($msgOptions, $topicOptions, $posterOptions);
	}
		
	// Dock the member's post count.
	updateMemberData($row['ID_MEMBER'], array('posts' => '-'));
	// and maybe their karma also..
	if(!empty($modSettings['deletespampost_dock_karma']))
		updateMemberData($row['ID_MEMBER'], array('karmaBad' => '+'));

	// Update the moderator's log. If it's enabled
	if(!empty($modSettings['modlog_enabled']))
		logAction('deletespam', array('topic' => $topic, 'message' => $_REQUEST['msg'], 'member' => $row['ID_MEMBER'], 'subject' => $row['subject'], 'messagebody' => $row['body']));

	redirectexit('topic=' . $topic . '.msg' . $_REQUEST['msg'] . '#msg' . $_REQUEST['msg'], $context['browser']['is_ie']);
}
]]></add>
		</operation>
	</file>

	<file name="$themedir/Admin.template.php">
		<operation>
			<search position="after"><![CDATA[
			</tr><tr class="windowbg2">
				<td align="right" colspan="2">
					<input type="submit" name="save_settings" value="', $txt['manageposts_settings_submit'], '" />
]]></search>
			<add><![CDATA[
			</tr><tr class="windowbg2">
				<td colspan="2"><hr /></td>
			</tr><tr class="windowbg2">
				<th width="50%" align="right">
					<label for="deletespampost_enable">', $txt['deletespampost_admin1'], '</label> <span style="font-weight: normal;">(<a href="', $scripturl, '?action=helpadmin;help=deletespampost" onclick="return reqWin(this.href);">?</a>)</span>:
				</th>
				<td valign="top">
					<input type="checkbox" name="deletespampost_enable" id="deletespampost_enable_input"', empty($modSettings['deletespampost_enable']) ? '' : ' checked="checked"', ' class="check" />
				</td>
			</tr><tr class="windowbg2">';
			
		if(!empty($modSettings['karmaMode']))	
			echo '
				<th width="50%" align="right">
					<label for="deletespampost_dock_karma">', $txt['deletespampost_admin4'], '</label>:
				</th>
				<td valign="top">
					<input type="checkbox" name="deletespampost_dock_karma" id="deletespampost_dock_karma_input"', empty($modSettings['deletespampost_dock_karma']) ? '' : ' checked="checked"', ' class="check" />
				</td>
			</tr><tr class="windowbg2">';
			
		if(!empty($modSettings['recycle_enable']) && !empty($modSettings['recycle_board']))	
			echo '
				<th width="50%" align="right">
					<label for="deletespampost_to_recycle">', $txt['deletespampost_admin5'], '</label>:
				</th>
				<td valign="top">
					<input type="checkbox" name="deletespampost_to_recycle" id="deletespampost_to_recycle_input"', empty($modSettings['deletespampost_to_recycle']) ? '' : ' checked="checked"', ' class="check" />
				</td>
			</tr><tr class="windowbg2">';
			
			echo '
				<td colspan="2" align="left" valign="top">
					<div class="smalltext" style="font-weight: normal; padding-bottom: 7px;">', $txt['deletespampost_admin2'], '</div>
					<div align="center"><textarea name="deletespampost_message" id="deletespampost_message" rows="3" cols="70">', empty($modSettings['deletespampost_message']) ? $txt['deletespampost_message'] : $modSettings['deletespampost_message'], '</textarea></div>
					<div class="smalltext" style="font-weight: normal; padding: 5px;">', $txt['deletespampost_admin3'], '</div>', empty($modSettings['deletespampost_message']) ? parse_bbc($txt['deletespampost_message']) : parse_bbc($modSettings['deletespampost_message']), '<hr />
				</td>]]></add>
		</operation>
	</file>

	<file name="$themedir/Display.template.php">
		<operation>
			<search position="replace"><![CDATA[
		// Maybe they want to report this post to the moderator(s)?
		if ($context['can_report_moderator'])
			echo '
									<a href="', $scripturl, '?action=reporttm;topic=', $context['current_topic'], '.', $message['counter'], ';msg=', $message['id'], '">', $txt['rtm1'], '</a> &nbsp;';
]]></search>
			<add><![CDATA[
		// Delete spam post link. But let's hide it if the poster is a mod or  admin.
		if(!in_array(@$message['member']['group_id'], array(1, 2, 3)) && strpos(strip_tags(implode(', ', $context['link_moderators'])), $message['member']['name']) === false && $context['current_board'] != $modSettings['recycle_board'])
			{
			if (allowedTo('moderate_board') && !empty($modSettings['deletespampost_enable'])) 
				echo '
										<a href="', $scripturl, '?action=deletespampost;topic=', $context['current_topic'], '.', $message['counter'], ';msg=', $message['id'], '" onclick="return confirm(\'' . $txt['deletespampost_confirm'] . '\');">', $txt['deletespampost_link'], '</a> &nbsp;';
			// Maybe they want to report this post to the moderator(s)?
			elseif ($context['can_report_moderator'])
				echo '
										<a href="', $scripturl, '?action=reporttm;topic=', $context['current_topic'], '.', $message['counter'], ';msg=', $message['id'], '">', $txt['rtm1'], '</a> &nbsp;';
			}
]]></add>
		</operation>
	</file>
	
	<file name="$themedir/Modlog.template.php">	
		<operation>
			<search position="replace"><![CDATA[
	foreach ($context['entries'] as $entry)
	{
		echo '
					<tr class="windowbg2">
						<td rowspan="2" class="windowbg" align="center"><input type="checkbox" class="check" name="delete[]" value="', $entry['id'], '"', $entry['editable'] ? '' : ' disabled="disabled"', ' /></td>
						<td>', $entry['action'], '</td>
						<td>', $entry['time'], '</td>
						<td>', $entry['moderator']['link'], '</td>
						<td>', $entry['position'], '</td>
						<td>', $entry['ip'], '</td>
					</tr>
					<tr>
						<td colspan="5" class="windowbg">';

		foreach ($entry['extra'] as $key => $value)
			echo '
							<i>', $key, '</i>: ', $value;
		echo '
						</td>
					</tr>';
	}
]]></search>
			<add><![CDATA[
	foreach ($context['entries'] as $entry)
	{
		echo '
					<tr class="windowbg">
						<td rowspan="2" class="windowbg" align="center" valign="top" style="padding-top: 15px;"><input type="checkbox" class="check" name="delete[]" value="', $entry['id'], '"', $entry['editable'] ? '' : ' disabled="disabled"', ' /></td>
						<td><b>', $entry['action'], '</b></td>
						<td>', $entry['time'], '</td>
						<td>', $entry['moderator']['link'], '</td>
						<td>', $entry['position'], '</td>
						<td>', $entry['ip'], '</td>
					</tr>
					<tr>
						<td colspan="5" class="windowbg2 middletext" style="padding-bottom: 8px;">';

		foreach ($entry['extra'] as $key => $value)
		{
			if($entry['action'] != $txt['modlog_ac_modified'] && $entry['action'] != $txt['modlog_ac_deletespam'])
				echo '
							&nbsp;&raquo;&nbsp;<i>', $key, '</i>: ', $value;
			else
			{			
				if ($key != 'messagebody' && $key != 'subject')
					echo '
							&nbsp;&raquo;&nbsp;<i>', $key, '</i>: ', $value;
				elseif ($key == 'subject')
					echo '
							<div class="quote" style="padding: 5px; margin: 5px 5px 0px 5px;">', $value;
				else
					echo '
							<hr width="95%" />', parse_bbc($value), '</div>';
			}
		}
		echo '
						</td>
					</tr>';
	}
]]></add>
		</operation>
	</file>

</modification>
