<?xml version="1.0"?>
<!DOCTYPE modification SYSTEM "http://www.simplemachines.org/xml/modification">
<!-- - - - - - - - - - - - - - - - - - - - - - - - - - - - - - - - - - - - - - -

	ATTENTION: If you are trying to install this manually, you should try
	the package manager.  If it will not work for you, please take a look
	at the following for information on this format:
		http://mods.simplemachines.org/docs/manual-install.php

================================================================================

	Modification files can be used to modify files so that they do what
	your package needs them to do to work properly.

 - - - - - - - - - - - - - - - - - - - - - - - - - - - - - - - - - - - - - - -->

<modification xmlns="http://www.simplemachines.org/xml/modification" xmlns:smf="http://www.simplemachines.org/">
	<!-- This information needs to be the same as that in the package-info.xml. -->
	<id>Kays:DeleteSpamPosts</id>
	<version>1.3</version>

	<file name="$boarddir/index.php">	
		<operation>
			<search position="before"><![CDATA[
		'deletemsg' => array('RemoveTopic.php', 'DeleteMessage'),]]></search>
			<add><![CDATA[
		'deletespampost' => array('Post.php', 'DeleteSpamPost'),]]></add>
		</operation>
	</file>

	<file name="$sourcedir/ManagePosts.php">
		<operation>
			<search position="before"><![CDATA[array('int', 'edit_disable_time', 'subtext' => $txt['edit_disable_time_zero'], 'postinput' => $txt['manageposts_minutes']),
]]></search>
			<add><![CDATA[		'',
			// Delete spam posts options...
			array('check', 'deletespampost_enable'),
			array('check', 'deletespampost_dock_karma'),
			array('check', 'deletespampost_to_recycle'),
			array('large_text', 'deletespampost_message', 'postinput' => '<br /><br /><u>' . $txt['preview'] . ':</u><br />' . (empty($modSettings['deletespampost_message']) ? $txt['deletespampost_message2'] : parse_bbc($modSettings['deletespampost_message']))),
		'',
]]></add>
		</operation>
	</file>

	<file name="$sourcedir/Post.php">
		<operation>
			<search position="after"><![CDATA[?>]]></search>
			<add><![CDATA[
function DeleteSpamPost()
{
	global $txt, $smcFunc, $context, $user_info, $topic, $board_info, $modSettings, $sourcedir;

	$_REQUEST['msg'] = (int) $_REQUEST['msg'];

	if (!allowedTo('moderate_board') || empty($modSettings['deletespampost_enable']) || empty($_REQUEST['msg']))
		fatal_lang_error('deletespampost_error1', false);

	$smcFunc['db_query']('', '
		SELECT
			subject, body, id_member, poster_name, poster_email, poster_ip, icon
		FROM {db_prefix}messages
		WHERE id_msg = {int:msg}
		LIMIT 1',
		array(
			'msg' => $_REQUEST['msg'],
		)
	);
	
	$row = $smcFunc['db_fetch_assoc']($request);
	$smcFunc['db_free_result']($request);

	$message = str_replace(array('{SpamCop}', '{Spammer}'), array($user_info['name'], $row['poster_name']), $modSettings['deletespampost_message']);
	if ($row['body'] == $message)
		fatal_lang_error('deletespampost_error2', false);
			
	include_once($sourcedir . '/Subs-Post.php');
	
	$msgOptions = array(
		'id' => (int) $_REQUEST['msg'],
		'body' => addslashes($message),
		'modify_time' => time(),
		'modify_name' => addslashes($user_info['name']),
	);
	$topicOptions = array();
	$posterOptions = array();

	// Update the message.
	modifyPost($msgOptions, $topicOptions, $posterOptions);
	
	// Is a copy of the original post going to the recycle board also ???	
	if(!empty($modSettings['deletespampost_to_recycle']) && !empty($modSettings['recycle_board']))
	{	
		$msgOptions = array(
			'id' => 0,
			'subject' => '[' . $txt['modlog_ac_deletespam'] . '] ' . addslashes($row['subject']),
			'body' => addslashes($row['body']),
			'icon' => $row['icon'],
			'smileys_enabled' => true,
		);
		$topicOptions = array(
			'id' => 0,
			'board' => $modSettings['recycle_board'],
			'mark_as_read' => true,
		);
		$posterOptions = array(
			'id' => $row['id_member'],
			'name' => addslashes($row['poster_name']),
			'email' => $row['poster_email'],
			'ip' => $row['poster_ip'],
			'update_post_count' => false,
		);
	
		// create the new topic for the recycle board.
		createPost($msgOptions, $topicOptions, $posterOptions);
	}
		
	// Dock the member's post count.
	updateMemberData($row['id_member'], array('posts' => '-'));
	// and maybe their karma also..
	if(!empty($modSettings['deletespampost_dock_karma']))
		updateMemberData($row['id_member'], array('karmaBad' => '+'));

	// Update the moderator's log. If it's enabled
	if(!empty($modSettings['modlog_enabled']))
		logAction('deletespam', array('topic' => $topic, 'message' => $_REQUEST['msg'], 'member' => 1, 'board' => 1));

	redirectexit('topic=' . $topic . '.msg' . $_REQUEST['msg'] . '#msg' . $_REQUEST['msg'], $context['browser']['is_ie']);
}
]]></add>
		</operation>
	</file>

	<file name="$themedir/Display.template.php">
		<operation>
			<search position="replace"><![CDATA[
		if ($context['can_report_moderator'])
			echo '
								<a href="', $scripturl, '?action=reporttm;topic=', $context['current_topic'], '.', $message['counter'], ';msg=', $message['id'], '">', $txt['report_to_mod'], '</a> &nbsp;';
]]></search>
			<add><![CDATA[
		// Delete spam post link. But let's hide it if the poster is a mod or  admin.
		if(!in_array(@$message['member']['group_id'], array(1, 2, 3)) && strpos(strip_tags(implode(', ', $context['link_moderators'])), $message['member']['name']) === false && $context['current_board'] != $modSettings['recycle_board'])
			{
			if (allowedTo('moderate_board') && !empty($modSettings['deletespampost_enable'])) 
				echo '
								<a href="', $scripturl, '?action=deletespampost;topic=', $context['current_topic'], '.', $message['counter'], ';msg=', $message['id'], '" onclick="return confirm(\'' . $txt['deletespampost_confirm'] . '\');">', $txt['deletespampost_link'], '</a> &nbsp;';
			// Maybe they want to report this post to the moderator(s)?
			elseif ($context['can_report_moderator'])
				echo '
								<a href="', $scripturl, '?action=reporttm;topic=', $context['current_topic'], '.', $message['counter'], ';msg=', $message['id'], '">', $txt['report_to_mod'], '</a> &nbsp;';
			}
]]></add>
		</operation>
	</file>

</modification>
