<?xml version="1.0"?>
<!DOCTYPE package-info SYSTEM "http://www.simplemachines.org/xml/package-info">
<!-- - - - - - - - - - - - - - - - - - - - - - - - - - - -
Name: Delete Spam Posts
Author: Kays
- - - - - - - - - - - - - - - - - - - - - - - - - - - - - -
Description: 

This mod will allow a moderator or admin to delete a spam post. Automatically leaving a messge and reducing the member's post count by one. With the option to also award the member bad karma

These options are selectable in the Admin CP under the Posts and Topics option. The display message can be edited there also.

 - - - - - - - - - - - - - - - - - - - - - - - - - - - - -->

<package-info xmlns="http://www.simplemachines.org/xml/package-info" xmlns:smf="http://www.simplemachines.org/">
	<id>Kays:DeleteSpamPosts</id>
	<name>Delete Spam Posts</name>
	<version>1.3</version>

	<type>modification</type>

	<install for="1.1.1 - 1.1.99">
		<readme type="file" parsebbc="false">readme_11.txt</readme>
		<modification type="file" reverse="false" format="xml">install_11.xml</modification>
		<modification type="file" reverse="false" format="xml">languages_11.xml</modification>
		<redirect url="?action=admin;area=postsettings;sa=posts">redirect.txt</redirect> 
		<code>install_db.php</code>
	</install>

	<uninstall for="1.1.1 - 1.1.99">
		<modification reverse="true" format="xml">install_11.xml</modification>
		<modification reverse="true" format="xml">languages_11.xml</modification>
	</uninstall>

	<install for="2.0 RC2">
		<readme type="file" parsebbc="false">readme.txt</readme>
		<modification type="file" reverse="false" format="xml">install_20.xml</modification>
		<modification type="file" reverse="false" format="xml">languages.xml</modification>
		<redirect url="?action=admin;area=postsettings;sa=posts">redirect.txt</redirect> 
		<code>install_db.php</code>
	</install>

	<uninstall for="2.0 RC2">
		<modification reverse="true" format="xml">install_20.xml</modification>
		<modification reverse="true" format="xml">languages.xml</modification>
	</uninstall>
</package-info>
